Year-Month,Rainfall (mm),Flood Risk
2019-06,0.0,Safe
2019-08,0.0,Safe
2024-03,9.4,Safe
2024-04,0.0,Safe
2024-05,47.8,Safe
2024-06,30.6,Safe
2024-07,225.5,WARNING
2024-08,180.39999999999998,Safe
2024-09,144.8,Safe
2024-10,2.5999999999999996,Safe
2024-11,0.0,Safe
2024-12,0.0,Safe
2025-01,0.0,Safe
