Year-Month,Rainfall (mm),Flood Risk
2019-06,0.0,Safe
2019-08,0.0,Safe
2024-05,7.400000214576721,Safe
2024-06,14.5,Safe
2024-07,272.5,WARNING
2024-08,236.70000004768372,WARNING
2024-09,54.0,Safe
2024-10,4.5,Safe
2024-11,0.0,Safe
2024-12,0.0,Safe
2025-01,0.0,Safe
