Year-Month,Rainfall (mm),Flood Risk
2019-06,0.0,Safe
2019-08,0.0,Safe
2023-01,0.0,Safe
2024-01,0.0,Safe
2024-02,0.0,Safe
2024-03,0.0,Safe
2024-04,0.0,Safe
2024-05,0.0,Safe
2024-06,64.49999928474426,Safe
2024-07,122.09999871253967,Safe
2024-08,189.69999971985817,Safe
2024-09,78.89999866485596,Safe
2024-10,2.700000047683716,Safe
2024-11,0.0,Safe
2024-12,0.0,Safe
2025-01,0.0,Safe
