Year-Month,Rainfall (mm),Flood Risk
2019-06,0.0,Safe
2019-08,0.0,Safe
2024-05,7.599999904632568,Safe
2024-06,8.0,Safe
2024-07,69.50000023841858,Safe
2024-08,96.60000085830688,Safe
2024-09,41.39999985694885,Safe
2024-10,3.6999999284744263,Safe
2024-11,0.0,Safe
2024-12,0.0,Safe
2025-01,0.0,Safe
