Year-Month,Rainfall (mm),Flood Risk
2019-06,0.0,Safe
2019-08,0.0,Safe
2024-05,8.0,Safe
2024-06,103.40000295639038,Safe
2024-07,83.29999919235706,Safe
2024-08,70.00000060349703,Safe
2024-09,54.10000002384186,Safe
2024-10,2.800000101327896,Safe
2024-11,0.0,Safe
2024-12,0.0,Safe
2025-01,0.0,Safe
