Year-Month,Rainfall (mm),Flood Risk
2019-06,0.0,Safe
2019-08,0.0,Safe
2023-01,0.0,Safe
2024-01,0.0,Safe
2024-02,18.799999862909317,Safe
2024-03,18.599999994039536,Safe
2024-04,0.0,Safe
2024-05,0.700000025331974,Safe
2024-06,25.99999976158142,Safe
2024-07,102.0999995470047,Safe
2024-08,138.20000100135803,Safe
2024-09,144.5000001192093,Safe
2024-10,16.800000190734863,Safe
2024-11,0.0,Safe
2024-12,0.0,Safe
2025-01,0.0,Safe
