Year-Month,Rainfall (mm),Flood Risk
2019-06,0.0,Safe
2019-08,0.0,Safe
2024-02,0.0,Safe
2024-03,0.0,Safe
2024-04,0.0,Safe
2024-05,0.0,Safe
2024-06,0.0,Safe
2024-07,8.399999618530273,Safe
2024-08,49.69999980926514,Safe
2024-09,162.00000190734863,Safe
2024-10,0.0,Safe
2024-11,0.0,Safe
2024-12,0.0,Safe
2025-01,0.0,Safe
